,0,1,accuracy,macro avg,weighted avg
precision,0.25,0.975609756097561,0.9111111111111111,0.6128048780487805,0.9433604336043361
recall,0.5,0.9302325581395349,0.9111111111111111,0.7151162790697674,0.9111111111111111
f1-score,0.3333333333333333,0.9523809523809524,0.9111111111111111,0.6428571428571429,0.924867724867725
support,2.0,43.0,0.9111111111111111,45.0,45.0
