,0,1,"accuracy","macro avg","weighted avg"
"precision",0.647058823529412,0.917975567190227,0.871387283236994,0.782517195359819,0.869429792314589
"recall",0.620967741935484,0.926056338028169,0.871387283236994,0.773512039981827,0.871387283236994
"f1-score",0.633744855967078,0.921998247151621,0.871387283236994,0.77787155155935,0.870345905378668
"support",124,568,0.871387283236994,692,692
