,0,1,accuracy,macro avg,weighted avg
precision,0.7894736842105263,0.8947368421052632,0.868421052631579,0.8421052631578947,0.8656509695290858
recall,0.7142857142857143,0.9272727272727272,0.868421052631579,0.8207792207792208,0.868421052631579
f1-score,0.7500000000000001,0.9107142857142856,0.868421052631579,0.8303571428571428,0.8663063909774436
support,21.0,55.0,0.868421052631579,76.0,76.0
