,0,1,accuracy,macro avg,weighted avg
precision,0.8636363636363636,0.9259259259259259,0.9078947368421053,0.8947811447811448,0.9070751373382953
recall,0.8260869565217391,0.9433962264150944,0.9078947368421053,0.8847415914684167,0.9078947368421053
f1-score,0.8444444444444444,0.9345794392523364,0.9078947368421053,0.8895119418483904,0.9073017434552112
support,23.0,53.0,0.9078947368421053,76.0,76.0
