,0,1,accuracy,macro avg,weighted avg
precision,0.7916666666666666,0.9230769230769231,0.881578947368421,0.8573717948717949,0.8833080296896088
recall,0.8260869565217391,0.9056603773584906,0.881578947368421,0.8658736669401148,0.881578947368421
f1-score,0.8085106382978724,0.9142857142857143,0.881578947368421,0.8613981762917933,0.8822748360262359
support,23.0,53.0,0.881578947368421,76.0,76.0
