,0,1,accuracy,macro avg,weighted avg
precision,0.5555555555555556,0.8142857142857143,0.7264150943396226,0.6849206349206349,0.7337376460017969
recall,0.6060606060606061,0.7808219178082192,0.7264150943396226,0.6934412619344126,0.7264150943396226
f1-score,0.5797101449275361,0.7972027972027972,0.7264150943396226,0.6884564710651666,0.729492820551065
support,33.0,73.0,0.7264150943396226,106.0,106.0
