,0,1,accuracy,macro avg,weighted avg
precision,0.6666666666666666,0.71,0.7075471698113207,0.6883333333333332,0.6965094339622642
recall,0.12121212121212122,0.9726027397260274,0.7075471698113207,0.5469074304690743,0.7075471698113207
f1-score,0.20512820512820512,0.8208092485549133,0.7075471698113207,0.5129687268415593,0.6291349614503721
support,33.0,73.0,0.7075471698113207,106.0,106.0
