,0,1,accuracy,macro avg,weighted avg
precision,0.6190476190476191,0.7647058823529411,0.7358490566037735,0.6918767507002801,0.7193594418899636
recall,0.3939393939393939,0.8904109589041096,0.7358490566037735,0.6421751764217518,0.7358490566037735
f1-score,0.48148148148148145,0.8227848101265822,0.7358490566037735,0.6521331458040318,0.7165300002653716
support,33.0,73.0,0.7358490566037735,106.0,106.0
