,0,1,accuracy,macro avg,weighted avg
precision,0.5925925925925926,0.7848101265822784,0.7358490566037735,0.6887013595874355,0.7249688188307725
recall,0.48484848484848486,0.8493150684931506,0.7358490566037735,0.6670817766708177,0.7358490566037735
f1-score,0.5333333333333333,0.8157894736842105,0.7358490566037735,0.6745614035087719,0.7278550148957299
support,33.0,73.0,0.7358490566037735,106.0,106.0
