,0,1,accuracy,macro avg,weighted avg
precision,0.4482758620689655,0.7662337662337663,0.6792452830188679,0.6072548141513658,0.6732460772799095
recall,0.41935483870967744,0.7866666666666666,0.6792452830188679,0.6030107526881721,0.6792452830188679
f1-score,0.4333333333333333,0.7763157894736841,0.6792452830188679,0.6048245614035087,0.676009599470374
support,31.0,75.0,0.6792452830188679,106.0,106.0
