,0,1,accuracy,macro avg,weighted avg
precision,0.6666666666666666,0.7553191489361702,0.7452830188679245,0.7109929078014184,0.7293924795932022
recall,0.25806451612903225,0.9466666666666667,0.7452830188679245,0.6023655913978494,0.7452830188679245
f1-score,0.37209302325581395,0.8402366863905325,0.7452830188679245,0.6061648548231733,0.7033267471718884
support,31.0,75.0,0.7452830188679245,106.0,106.0
