,0,1,accuracy,macro avg,weighted avg
precision,0.0,0.9375,0.9375,0.46875,0.87890625
recall,0.0,1.0,0.9375,0.5,0.9375
f1-score,0.0,0.967741935483871,0.9375,0.4838709677419355,0.907258064516129
support,3.0,45.0,0.9375,48.0,48.0
