,0,1,accuracy,macro avg,weighted avg
precision,0.0,1.0,0.75,0.5,1.0
recall,0.0,0.75,0.75,0.375,0.75
f1-score,0.0,0.8571428571428571,0.75,0.42857142857142855,0.8571428571428571
support,0.0,4.0,0.75,4.0,4.0
