,0,1,accuracy,macro avg,weighted avg
precision,0.5862068965517241,0.9375,0.8786127167630058,0.7618534482758621,0.8847045046840741
recall,0.6538461538461539,0.9183673469387755,0.8786127167630058,0.7861067503924647,0.8786127167630058
f1-score,0.6181818181818182,0.9278350515463918,0.8786127167630058,0.773008434864105,0.881297571387554
support,52.0,294.0,0.8786127167630058,346.0,346.0
