,0,1,accuracy,macro avg,weighted avg
precision,0.7307692307692307,0.9047619047619048,0.8786127167630058,0.8177655677655677,0.8715725507633021
recall,0.5757575757575758,0.95,0.8786127167630058,0.7628787878787879,0.8786127167630058
f1-score,0.6440677966101696,0.9268292682926829,0.8786127167630058,0.7854485324514262,0.8728921089544
support,66.0,280.0,0.8786127167630058,346.0,346.0
