,0,1,accuracy,macro avg,weighted avg
precision,0.6545454545454545,0.9450171821305842,0.8988439306358381,0.7997813183380194,0.9013624716264608
recall,0.6923076923076923,0.935374149659864,0.8988439306358381,0.8138409209837781,0.8988439306358381
f1-score,0.6728971962616823,0.9401709401709402,0.8988439306358381,0.8065340682163112,0.9000026318377569
support,52.0,294.0,0.8988439306358381,346.0,346.0
