,0,1,accuracy,macro avg,weighted avg
precision,0.7924528301886793,0.9180887372013652,0.8988439306358381,0.8552707836950222,0.8941235063839164
recall,0.6363636363636364,0.9607142857142857,0.8988439306358381,0.798538961038961,0.8988439306358381
f1-score,0.7058823529411764,0.9389179755671901,0.8988439306358381,0.8224001642541833,0.894466093794598
support,66.0,280.0,0.8988439306358381,346.0,346.0
