,0,1,accuracy,macro avg,weighted avg
precision,0.75,0.9545454545454546,0.9230769230769231,0.8522727272727273,0.9230769230769231
recall,0.75,0.9545454545454546,0.9230769230769231,0.8522727272727273,0.9230769230769231
f1-score,0.75,0.9545454545454546,0.9230769230769231,0.8522727272727273,0.9230769230769231
support,4.0,22.0,0.9230769230769231,26.0,26.0
