,0,1,accuracy,macro avg,weighted avg
precision,0.6666666666666666,0.8695652173913043,0.8461538461538461,0.7681159420289855,0.830546265328874
recall,0.4,0.9523809523809523,0.8461538461538461,0.6761904761904762,0.8461538461538461
f1-score,0.5,0.909090909090909,0.8461538461538461,0.7045454545454545,0.8304195804195802
support,5.0,21.0,0.8461538461538461,26.0,26.0
