,0,1,accuracy,macro avg,weighted avg
precision,0.6630434782608695,0.895,0.8641618497109826,0.7790217391304348,0.8534355365669767
recall,0.49193548387096775,0.9454225352112676,0.8641618497109826,0.7186790095411177,0.8641618497109826
f1-score,0.5648148148148149,0.9195205479452055,0.8641618497109826,0.7421676813800102,0.8559605610836905
support,124.0,568.0,0.8641618497109826,692.0,692.0
