,0,1,accuracy,macro avg,weighted avg
precision,0.0,0.7991329479768786,0.7991329479768786,0.3995664739884393,0.6386134685422166
recall,0.0,1.0,0.7991329479768786,0.5,0.7991329479768786
f1-score,0.0,0.8883534136546185,0.7991329479768786,0.44417670682730925,0.7099124822991388
support,139.0,553.0,0.7991329479768786,692.0,692.0
