,0,1,accuracy,macro avg,weighted avg
precision,0.7906976744186046,0.9075907590759076,0.8930635838150289,0.849144216747256,0.8866445993974313
recall,0.5483870967741935,0.9683098591549296,0.8930635838150289,0.7583484779645615,0.8930635838150289
f1-score,0.6476190476190475,0.9369676320272572,0.8930635838150289,0.7922933398231524,0.8851190417575779
support,124.0,568.0,0.8930635838150289,692.0,692.0
