,0,1,accuracy,macro avg,weighted avg
precision,0.625,0.7142857142857143,0.7075471698113207,0.6696428571428572,0.6864892183288409
recall,0.15151515151515152,0.958904109589041,0.7075471698113207,0.5552096305520963,0.7075471698113207
f1-score,0.24390243902439024,0.8187134502923976,0.7075471698113207,0.5313079446583939,0.6397628524448103
support,33.0,73.0,0.7075471698113207,106.0,106.0
