,0,1,accuracy,macro avg,weighted avg
precision,0.5555555555555556,0.7613636363636364,0.7264150943396226,0.658459595959596,0.7011744806556127
recall,0.3225806451612903,0.8933333333333333,0.7264150943396226,0.6079569892473118,0.7264150943396226
f1-score,0.40816326530612246,0.8220858895705522,0.7264150943396226,0.6151245774383374,0.7010330466252944
support,31.0,75.0,0.7264150943396226,106.0,106.0
