,0,1,accuracy,macro avg,weighted avg
precision,0.5789473684210527,0.7701149425287356,0.7358490566037735,0.6745311554748941,0.7142074444406397
recall,0.3548387096774194,0.8933333333333333,0.7358490566037735,0.6240860215053763,0.7358490566037735
f1-score,0.44000000000000006,0.8271604938271604,0.7358490566037735,0.6335802469135803,0.7139343116701607
support,31.0,75.0,0.7358490566037735,106.0,106.0
