,0,1,accuracy,macro avg,weighted avg
precision,0.64,0.7901234567901234,0.7547169811320755,0.7150617283950618,0.7433869089215002
recall,0.48484848484848486,0.8767123287671232,0.7547169811320755,0.680780406807804,0.7547169811320755
f1-score,0.5517241379310344,0.8311688311688312,0.7547169811320755,0.6914464845499328,0.744171898368385
support,33.0,73.0,0.7547169811320755,106.0,106.0
