,0,1,accuracy,macro avg,weighted avg
precision,0.6,0.8289473684210527,0.7641509433962265,0.7144736842105264,0.7619910625620656
recall,0.5806451612903226,0.84,0.7641509433962265,0.7103225806451613,0.7641509433962265
f1-score,0.5901639344262295,0.8344370860927153,0.7641509433962265,0.7123005102594724,0.762998711548743
support,31.0,75.0,0.7641509433962265,106.0,106.0
