,0,1,accuracy,macro avg,weighted avg
precision,0.75,0.8928571428571429,0.8552631578947368,0.8214285714285714,0.8533834586466166
recall,0.7142857142857143,0.9090909090909091,0.8552631578947368,0.8116883116883117,0.8552631578947368
f1-score,0.7317073170731706,0.9009009009009009,0.8552631578947368,0.8163041089870358,0.8541500422116597
support,21.0,55.0,0.8552631578947368,76.0,76.0
