,0,1,accuracy,macro avg,weighted avg
precision,0.8125,0.8666666666666667,0.8552631578947368,0.8395833333333333,0.8516995614035089
recall,0.6190476190476191,0.9454545454545454,0.8552631578947368,0.7822510822510822,0.8552631578947368
f1-score,0.7027027027027026,0.9043478260869566,0.8552631578947368,0.8035252643948296,0.848630094625518
support,21.0,55.0,0.8552631578947368,76.0,76.0
