,0,1,accuracy,macro avg,weighted avg
precision,0.75,0.9038461538461539,0.8552631578947368,0.8269230769230769,0.8572874493927126
recall,0.782608695652174,0.8867924528301887,0.8552631578947368,0.8347005742411813,0.8552631578947368
f1-score,0.7659574468085107,0.8952380952380953,0.8552631578947368,0.830597771023303,0.8561136884765105
support,23.0,53.0,0.8552631578947368,76.0,76.0
