,0,1,accuracy,macro avg,weighted avg
precision,0.8888888888888888,0.9137931034482759,0.9078947368421053,0.9013409961685823,0.9069116757410768
recall,0.7619047619047619,0.9636363636363636,0.9078947368421053,0.8627705627705627,0.9078947368421053
f1-score,0.8205128205128205,0.9380530973451328,0.9078947368421053,0.8792829589289766,0.905574862957257
support,21.0,55.0,0.9078947368421053,76.0,76.0
