,0,1,accuracy,macro avg,weighted avg
precision,0.8181818181818182,0.9074074074074074,0.881578947368421,0.8627946127946129,0.8804049264575582
recall,0.782608695652174,0.9245283018867925,0.881578947368421,0.8535684987694832,0.881578947368421
f1-score,0.8,0.9158878504672898,0.881578947368421,0.8579439252336449,0.8808165272995573
support,23.0,53.0,0.881578947368421,76.0,76.0
