,0,1,accuracy,macro avg,weighted avg
precision,0.66,0.9358108108108109,0.8959537572254336,0.7979054054054054,0.8943594750820184
recall,0.6346153846153846,0.9421768707482994,0.8959537572254336,0.788396127681842,0.8959537572254336
f1-score,0.6470588235294118,0.9389830508474577,0.8959537572254336,0.7930209371884347,0.8951100455857861
support,52.0,294.0,0.8959537572254336,346.0,346.0
