,0,1,accuracy,macro avg,weighted avg
precision,0.7592592592592593,0.9143835616438356,0.8901734104046243,0.8368214104515475,0.8847933767959107
recall,0.6212121212121212,0.9535714285714286,0.8901734104046243,0.7873917748917749,0.8901734104046243
f1-score,0.6833333333333333,0.9335664335664337,0.8901734104046243,0.8084498834498834,0.8858341080884435
support,66.0,280.0,0.8901734104046243,346.0,346.0
