,0,1,accuracy,macro avg,weighted avg
precision,0.6792452830188679,0.8976109215017065,0.8641618497109826,0.7884281022602873,0.855957360403824
recall,0.5454545454545454,0.9392857142857143,0.8641618497109826,0.7423701298701298,0.8641618497109826
f1-score,0.6050420168067228,0.9179755671902269,0.8641618497109826,0.7615087919984749,0.8582830402384602
support,66.0,280.0,0.8641618497109826,346.0,346.0
