,0,1,accuracy,macro avg,weighted avg
precision,0.5921052631578947,0.9222222222222223,0.8497109826589595,0.7571637426900585,0.8592519352330731
recall,0.6818181818181818,0.8892857142857142,0.8497109826589595,0.785551948051948,0.8497109826589595
f1-score,0.6338028169014085,0.9054545454545455,0.8497109826589595,0.769628681177977,0.8536365856727333
support,66.0,280.0,0.8497109826589595,346.0,346.0
