,0,1,accuracy,macro avg,weighted avg
precision,0.8490566037735849,0.9283276450511946,0.9161849710982659,0.8886921244123898,0.9132065793739628
recall,0.6818181818181818,0.9714285714285714,0.9161849710982659,0.8266233766233766,0.9161849710982659
f1-score,0.7563025210084033,0.9493891797556718,0.9161849710982659,0.8528458503820375,0.9125576205726668
support,66.0,280.0,0.9161849710982659,346.0,346.0
