,0,1,accuracy,macro avg,weighted avg
precision,0.5,0.9384057971014492,0.8497109826589595,0.7192028985507246,0.8725182206584569
recall,0.6730769230769231,0.8809523809523809,0.8497109826589595,0.777014652014652,0.8497109826589595
f1-score,0.5737704918032787,0.9087719298245613,0.8497109826589595,0.74127121081392,0.8584248928965073
support,52.0,294.0,0.8497109826589595,346.0,346.0
